Title,Year,IMDB Rating,Rated,Duration,Genre,Metascore,Votes,Gross USD
The Father,2020,8.3,PG-13,97 min,Drama,88,"38,943",
Another Round,2020,7.8,Not Rated,117 min,"Comedy, Drama",80,"63,406",
Ma Rainey's Black Bottom,2020,7.0,R,94 min,"Drama, Music",87,"37,599",
Mank,2020,6.9,R,131 min,"Biography, Comedy, Drama",79,"56,265",
Minari,2020,7.6,PG-13,115 min,Drama,89,"35,050",
Colette,2020,7.1,Not Rated,24 min,"Documentary, Short",0,883,
If Anything Happens I Love You,2020,7.8,PG,13 min,"Animation, Short, Drama",0,"9,794",
My Octopus Teacher,2020,8.2,TV-G,85 min,Documentary,82,"27,610",
Two Distant Strangers,2020,6.9,Not Rated,32 min,"Short, Drama, Sci-Fi",0,"6,268",
Soul,2020,8.1,PG,100 min,"Animation, Adventure, Comedy",83,"226,561",
Tenet,2020,7.4,PG-13,150 min,"Action, Sci-Fi, Thriller",69,"334,514",$58.46M
Promising Young Woman,2020,7.5,R,113 min,"Crime, Drama, Thriller",73,"79,767",
Nomadland,2020,7.5,R,107 min,Drama,93,"61,515",
