Title,Year,IMDB Rating,Rated,Duration,Genre,Metascore,Votes,Gross USD
Learning to Skateboard in a Warzone (If You're a Girl),2019,7.5,TV-MA,39 min,"Documentary, Short, Sport",0,907,
Ford v Ferrari,2019,8.1,PG-13,152 min,"Action, Biography, Drama",81,"308,363",$117.62M
Toy Story 4,2019,7.7,G,100 min,"Animation, Adventure, Comedy",84,"210,410",$434.04M
Rocketman,2019,7.3,R,121 min,"Biography, Drama, Music",69,"144,796",$96.37M
Jojo Rabbit,2019,7.9,PG-13,108 min,"Comedy, Drama, War",0,"314,792",$0.35M
Little Women,2019,7.8,PG,135 min,"Drama, Romance",91,"151,997",$108.10M
Sound of Metal,2019,7.8,R,120 min,"Drama, Music",82,"69,990",
Bombshell,2019,6.8,R,109 min,"Biography, Drama",64,"95,508",
Parasite,2019,8.6,R,132 min,"Comedy, Drama, Thriller",96,"594,422",$53.37M
Hair Love,2019,7.4,G,7 min,"Animation, Short, Comedy",0,"5,565",
Once Upon a Time... In Hollywood,2019,7.6,R,161 min,"Comedy, Drama",83,"574,421",$142.50M
Joker,2019,8.4,R,122 min,"Crime, Drama, Thriller",0,"985,044",$335.45M
Judy,2019,6.8,PG-13,118 min,"Biography, Drama, Romance",66,"42,853",
Marriage Story,2019,7.9,R,137 min,"Comedy, Drama, Romance",94,"256,384",$2.00M
The Neighbors' Window,2019,7.3,Not Rated,21 min,"Short, Drama",0,"4,190",
1917,2019,8.3,R,119 min,"Drama, Thriller, War",78,"453,495",$159.23M
American Factory,2019,7.4,TV-14,110 min,Documentary,86,"18,559",
